id,first_name,last_name,email,gender,ip_address
1,Amos,Loude,aloude0@t.co,Male,128.31.250.253
2,Clementia,Baskeyfied,cbaskeyfied1@google.de,Female,240.156.179.171
3,Janeen,MacIntyre,jmacintyre2@ask.com,Agender,75.227.72.209
4,Carlina,Sheryn,csheryn3@google.co.uk,Genderfluid,115.103.139.13
5,Myca,Ogilvie,mogilvie4@about.com,Male,252.103.203.18
6,Vic,Mell,vmell5@diigo.com,Male,163.172.242.209
7,Joane,Dutch,jdutch6@free.fr,Female,101.25.103.248
8,Cristian,Twiddle,ctwiddle7@deliciousdays.com,Male,249.8.203.247
9,Glen,Sprosson,gsprosson8@is.gd,Male,132.124.217.19
10,Ludwig,Feacham,lfeacham9@seesaa.net,Male,99.229.21.128
11,Roanna,Eveque,revequea@amazonaws.com,Female,98.108.71.176
12,Eal,Van Dale,evandaleb@imgur.com,Genderqueer,248.32.5.162
13,Adelle,Baumber,abaumberc@mozilla.com,Female,197.6.15.12
14,Den,Liccardo,dliccardod@elegantthemes.com,Male,59.64.249.43
15,Katy,Gull,kgulle@bbb.org,Female,77.174.231.24
16,Corly,Hullot,chullotf@thetimes.co.uk,Female,98.61.51.87
17,Vernor,Skelhorne,vskelhorneg@youtube.com,Male,246.22.42.255
18,Marmaduke,Holme,mholmeh@microsoft.com,Male,204.73.84.119
19,Kettie,Iddins,kiddinsi@typepad.com,Female,64.157.31.60
20,Lewiss,Neicho,lneichoj@nymag.com,Male,178.215.97.255
21,Powell,Bumphrey,pbumphreyk@japanpost.jp,Male,68.106.239.87
22,Mohandis,Prazor,mprazorl@facebook.com,Male,33.147.1.124
23,Dorree,Cheatle,dcheatlem@moonfruit.com,Female,159.97.169.145
24,Cesaro,Trodden,ctroddenn@fc2.com,Male,0.11.186.197
25,Judye,Pucknell,jpucknello@posterous.com,Female,40.138.111.18
26,Fonzie,Nockles,fnocklesp@ow.ly,Male,254.213.93.213
27,Tremaine,di Rocca,tdiroccaq@histats.com,Male,0.237.63.181
28,Wyn,Follen,wfollenr@webeden.co.uk,Male,181.118.248.244
29,Sumner,Barkess,sbarkesss@weather.com,Male,242.218.217.35
30,Jobina,Zellmer,jzellmert@yahoo.co.jp,Female,227.135.51.177
31,Jessika,Burbidge,jburbidgeu@census.gov,Female,220.123.9.128
32,Dun,Vokes,dvokesv@uiuc.edu,Male,90.98.86.48
33,Basil,McWhin,bmcwhinw@oaic.gov.au,Male,22.23.199.7
34,Harlen,Schofield,hschofieldx@ow.ly,Male,106.162.72.183
35,Phillip,Payler,ppaylery@ovh.net,Male,61.229.6.96
36,Mattie,Stapford,mstapfordz@fema.gov,Female,31.21.31.78
37,Dugald,Feathers,dfeathers10@1und1.de,Male,223.44.183.110
38,Armstrong,Filchakov,afilchakov11@arizona.edu,Agender,65.148.69.5
39,Doll,O'Sirin,dosirin12@theatlantic.com,Female,241.174.15.59
40,Franciskus,Penketh,fpenketh13@fotki.com,Male,138.160.243.159
41,Abel,Leynton,aleynton14@go.com,Male,252.224.144.167
42,Renaldo,Janik,rjanik15@microsoft.com,Male,112.17.190.218
43,Richard,Kruszelnicki,rkruszelnicki16@blogtalkradio.com,Male,111.142.241.51
44,Owen,Daine,odaine17@mediafire.com,Male,248.2.207.161
45,Bren,Grzegorecki,bgrzegorecki18@smugmug.com,Male,140.195.32.4
46,Erhard,Fairn,efairn19@i2i.jp,Male,55.222.175.106
47,Gerladina,Smyley,gsmyley1a@usnews.com,Female,117.0.196.15
48,Travus,Causley,tcausley1b@yellowpages.com,Male,12.80.3.82
49,Hillard,Basketter,hbasketter1c@ftc.gov,Male,75.66.126.185
50,Mohandis,Braisby,mbraisby1d@jiathis.com,Male,122.36.216.75
51,Gertrudis,Truter,gtruter1e@sohu.com,Female,126.24.137.157
52,Braden,Haydney,bhaydney1f@godaddy.com,Male,58.59.153.19
53,Eachelle,Soldan,esoldan1g@furl.net,Genderqueer,189.230.132.53
54,Cesare,Bampton,cbampton1h@histats.com,Male,251.35.254.200
55,Bonni,Gildersleaves,bgildersleaves1i@npr.org,Female,20.32.82.194
56,Kelsey,Whiteland,kwhiteland1j@reverbnation.com,Female,235.62.179.28
57,Gottfried,Eich,geich1k@ehow.com,Male,202.79.191.51
58,Lilla,Barrie,lbarrie1l@unicef.org,Female,177.113.187.148
59,Marigold,McDuff,mmcduff1m@paginegialle.it,Female,182.170.69.160
60,Giulio,Broxis,gbroxis1n@prlog.org,Male,8.237.21.247
61,Cristian,Prinne,cprinne1o@ycombinator.com,Male,29.240.140.121
62,Linette,Willison,lwillison1p@ycombinator.com,Female,40.200.40.227
63,Rube,O' Cuolahan,rocuolahan1q@youtu.be,Male,44.152.144.120
64,Paulie,Buckham,pbuckham1r@mashable.com,Male,208.244.50.117
65,Ron,Greenstreet,rgreenstreet1s@huffingtonpost.com,Male,82.38.159.40
66,Honoria,Standering,hstandering1t@symantec.com,Female,11.199.27.90
67,Norina,Towse,ntowse1u@shutterfly.com,Female,234.90.182.154
68,Arne,Devita,adevita1v@tripod.com,Male,25.110.64.139
69,Vivien,Gewer,vgewer1w@cisco.com,Female,53.76.66.78
70,Whitaker,Daily,wdaily1x@comsenz.com,Male,44.60.155.15
71,Maddie,Bawdon,mbawdon1y@mozilla.org,Male,249.204.221.251
72,Robyn,Logue,rlogue1z@homestead.com,Bigender,56.30.42.232
73,Adele,Nockells,anockells20@shop-pro.jp,Female,126.37.240.11
74,Zuzana,Hugnot,zhugnot21@adobe.com,Female,238.224.47.6
75,Darryl,Boutellier,dboutellier22@tripod.com,Male,72.133.73.18
76,Norma,Pauls,npauls23@histats.com,Female,96.167.202.150
77,Florie,Korf,fkorf24@google.de,Female,108.214.175.141
78,Jeniece,Antognelli,jantognelli25@theatlantic.com,Female,23.106.188.21
79,Zack,McCall,zmccall26@hubpages.com,Male,150.74.172.116
80,Ciro,Wulfinger,cwulfinger27@icio.us,Male,10.168.58.125
81,Lauritz,Scandrick,lscandrick28@seattletimes.com,Genderqueer,250.236.251.202
82,Massimo,Loudyan,mloudyan29@cloudflare.com,Male,107.93.236.110
83,Abigael,Abels,aabels2a@youtube.com,Female,245.69.65.231
84,Catha,Jurgenson,cjurgenson2b@ibm.com,Female,82.30.93.92
85,Winfred,Lippiello,wlippiello2c@thetimes.co.uk,Male,220.169.17.180
86,Adrian,Mattiussi,amattiussi2d@bbc.co.uk,Male,231.193.117.80
87,Lorelle,Hunnicutt,lhunnicutt2e@ftc.gov,Female,50.105.109.25
88,Curr,Gibbins,cgibbins2f@berkeley.edu,Male,59.79.8.235
89,Axe,Greensitt,agreensitt2g@facebook.com,Polygender,101.99.160.240
90,Angie,Beatens,abeatens2h@domainmarket.com,Male,249.135.44.41
91,Elisha,Dederick,edederick2i@reuters.com,Female,181.63.237.194
92,Loralyn,Wakeham,lwakeham2j@cdbaby.com,Female,113.251.182.34
93,Kelcie,Uman,kuman2k@soup.io,Female,100.13.197.241
94,Linette,Oswal,loswal2l@accuweather.com,Female,202.85.34.173
95,Rheta,Bresner,rbresner2m@networksolutions.com,Female,129.59.173.249
96,Dora,Charley,dcharley2n@mac.com,Female,56.12.250.175
97,Heda,Piel,hpiel2o@goo.ne.jp,Female,147.79.101.180
98,Kirbee,Oswick,koswick2p@noaa.gov,Female,142.240.216.118
99,Ginny,Loncaster,gloncaster2q@zimbio.com,Female,135.177.70.143
100,Alvy,Coton,acoton2r@homestead.com,Male,214.103.202.86
101,Mart,Mealand,mmealand2s@wufoo.com,Male,77.231.117.199
102,Pammi,Abraham,pabraham2t@ameblo.jp,Female,172.82.13.65
103,Ansley,Bodsworth,abodsworth2u@soundcloud.com,Female,228.77.56.144
104,Abner,Halgarth,ahalgarth2v@opera.com,Male,147.118.55.214
105,Wheeler,Boylin,wboylin2w@dyndns.org,Male,225.230.152.15
106,Franni,Durran,fdurran2x@cloudflare.com,Female,170.244.181.160
107,Abey,Nunns,anunns2y@1688.com,Male,16.216.223.6
108,Norton,Troillet,ntroillet2z@tripod.com,Genderfluid,99.22.18.15
109,Rodd,Heaton,rheaton30@homestead.com,Non-binary,110.174.177.225
110,Calv,Korlat,ckorlat31@sakura.ne.jp,Male,79.97.195.72
111,Rollins,Clausewitz,rclausewitz32@google.com.au,Male,43.66.101.8
112,Elnar,Kopta,ekopta33@wiley.com,Male,234.50.82.191
113,Rennie,Lambeth,rlambeth34@accuweather.com,Female,138.194.191.242
114,Ethelbert,Janney,ejanney35@bing.com,Male,84.85.49.174
115,Ephraim,Sneller,esneller36@nature.com,Male,135.39.64.63
116,Mauricio,Ledner,mledner37@amazonaws.com,Male,144.245.8.168
117,Kristos,Kohnert,kkohnert38@xing.com,Male,193.179.239.40
118,Carolin,Horry,chorry39@ezinearticles.com,Female,12.106.217.168
119,Conn,Ranfield,cranfield3a@eventbrite.com,Male,229.165.51.213
120,Kienan,Shreve,kshreve3b@google.nl,Male,230.29.192.136
121,Glyn,Getcliff,ggetcliff3c@sogou.com,Male,32.121.110.248
122,Jacinta,Mundy,jmundy3d@nyu.edu,Female,85.71.241.142
123,Cy,Tomalin,ctomalin3e@fotki.com,Male,131.3.11.9
124,Keefer,Grzelczak,kgrzelczak3f@mozilla.org,Male,176.61.161.191
125,Nolana,Oboy,noboy3g@jugem.jp,Female,175.213.73.38
126,Cass,Ingerman,cingerman3h@ustream.tv,Male,197.92.241.117
127,Anette,Hue,ahue3i@people.com.cn,Female,87.190.14.52
128,Salvidor,Grealey,sgrealey3j@hexun.com,Male,213.192.0.51
129,Brigit,Folshom,bfolshom3k@nbcnews.com,Female,102.197.5.140
130,Chariot,Elven,celven3l@smugmug.com,Male,105.138.127.30
131,Jerrie,Gold,jgold3m@google.es,Male,22.37.34.182
132,Lonni,Whetnell,lwhetnell3n@imageshack.us,Female,55.145.63.215
133,Coleman,Keavy,ckeavy3o@quantcast.com,Male,238.169.134.18
134,Elna,Pinchen,epinchen3p@bing.com,Female,185.24.58.165
135,Sancho,Acheson,sacheson3q@timesonline.co.uk,Male,231.206.196.53
136,Urbanus,Zute,uzute3r@zimbio.com,Male,187.245.102.45
137,Ely,Panks,epanks3s@reverbnation.com,Agender,144.200.119.174
138,Cherry,Gogerty,cgogerty3t@wiley.com,Female,102.127.182.34
139,Kim,Longcake,klongcake3u@dropbox.com,Female,84.41.119.2
140,Marcus,Wager,mwager3v@ucsd.edu,Male,49.77.231.235
141,Marv,Bawden,mbawden3w@ask.com,Male,175.26.22.62
142,Iormina,Landreth,ilandreth3x@usnews.com,Female,94.205.224.13
143,Lorri,Golt,lgolt3y@va.gov,Female,236.161.105.222
144,Wallie,Belward,wbelward3z@wufoo.com,Male,241.96.244.187
145,Marie-ann,Overshott,movershott40@theatlantic.com,Female,193.243.130.167
146,Ugo,Driffill,udriffill41@163.com,Male,77.67.68.49
147,Anthony,Dunnion,adunnion42@tamu.edu,Genderfluid,159.104.124.66
148,Freeland,Gammell,fgammell43@free.fr,Male,143.65.190.121
149,Sella,Dryburgh,sdryburgh44@webmd.com,Female,107.131.130.207
150,Dorothea,Miere,dmiere45@phoca.cz,Female,155.194.109.133
151,Kellby,Lambswood,klambswood46@cloudflare.com,Male,161.207.208.11
152,Ofelia,Bisset,obisset47@oaic.gov.au,Female,238.137.5.65
153,Emmanuel,Phizacklea,ephizacklea48@gizmodo.com,Genderqueer,50.168.221.115
154,Craggy,Raun,craun49@gnu.org,Male,124.184.80.254
155,Sonia,McLucky,smclucky4a@smugmug.com,Female,253.95.214.118
156,Millard,Fassmann,mfassmann4b@shutterfly.com,Male,142.18.199.143
157,Trescha,Speachley,tspeachley4c@usgs.gov,Female,252.31.124.66
158,Ringo,Plaskitt,rplaskitt4d@devhub.com,Male,96.230.126.214
159,Marysa,Wharin,mwharin4e@economist.com,Female,121.224.63.46
160,Jonell,Edwin,jedwin4f@about.com,Female,122.26.96.161
161,Ardenia,Fillgate,afillgate4g@prnewswire.com,Genderfluid,2.13.97.217
162,Waly,Woollard,wwoollard4h@ftc.gov,Female,175.66.33.203
163,Hermie,Haberfield,hhaberfield4i@reverbnation.com,Male,37.33.6.6
164,Alvera,Radmore,aradmore4j@eventbrite.com,Female,159.110.73.249
165,Hagan,Randlesome,hrandlesome4k@theguardian.com,Male,22.83.71.9
166,Lyn,Barling,lbarling4l@google.it,Female,123.44.133.98
167,Pate,Cutmare,pcutmare4m@deviantart.com,Bigender,107.176.250.143
168,Charo,MacColl,cmaccoll4n@istockphoto.com,Female,73.122.32.215
169,Bernhard,Bernath,bbernath4o@indiegogo.com,Male,161.109.15.202
170,Donny,Messer,dmesser4p@wiley.com,Female,214.27.195.89
171,Niki,Clubley,nclubley4q@theglobeandmail.com,Female,72.1.212.170
172,Sapphira,Suermeiers,ssuermeiers4r@jugem.jp,Female,101.2.118.146
173,Keslie,Stanlake,kstanlake4s@state.tx.us,Polygender,173.169.89.159
174,Lawrence,Stille,lstille4t@cnn.com,Genderfluid,139.227.149.37
175,Averell,Batrim,abatrim4u@si.edu,Male,196.137.177.169
176,Cornelius,Thring,cthring4v@go.com,Male,156.91.155.235
177,Gabbie,Kivits,gkivits4w@yahoo.co.jp,Male,4.179.61.248
178,Rodolphe,Baytrop,rbaytrop4x@google.es,Male,37.245.110.7
179,Theodor,Towll,ttowll4y@dion.ne.jp,Male,123.132.42.11
180,Miquela,Chaperlin,mchaperlin4z@dagondesign.com,Female,29.96.57.189
181,Joletta,Emmanueli,jemmanueli50@chicagotribune.com,Female,29.147.109.32
182,Faunie,Geall,fgeall51@163.com,Female,65.146.31.121
183,Barthel,Medforth,bmedforth52@plala.or.jp,Male,185.164.248.32
184,Ernestine,Boken,eboken53@hud.gov,Female,125.252.59.60
185,Roda,Trathan,rtrathan54@tmall.com,Non-binary,179.106.236.26
186,Rick,Escalera,rescalera55@sina.com.cn,Male,243.193.18.51
187,Leda,Leon,lleon56@1688.com,Female,56.138.161.175
188,Baudoin,Kopacek,bkopacek57@fastcompany.com,Male,32.195.129.104
189,Celestyna,Luesley,cluesley58@yellowbook.com,Genderqueer,76.234.18.215
190,Herb,Baskerville,hbaskerville59@sourceforge.net,Male,199.202.248.39
191,Barbara,Burrus,bburrus5a@engadget.com,Female,17.93.141.5
192,Raymund,Costelloe,rcostelloe5b@goodreads.com,Male,87.159.140.216
193,Corty,Sergent,csergent5c@so-net.ne.jp,Male,13.246.20.234
194,Had,Burberry,hburberry5d@goodreads.com,Male,142.208.129.251
195,Bea,Gartrell,bgartrell5e@latimes.com,Female,10.138.11.235
196,Horacio,Morgan,hmorgan5f@mapquest.com,Male,11.148.221.12
197,Gordie,Sowle,gsowle5g@adobe.com,Male,73.218.15.30
198,Liza,Ryles,lryles5h@webs.com,Female,119.60.218.249
199,Boniface,Bullingham,bbullingham5i@smh.com.au,Male,207.70.195.226
200,Jacquette,Maffulli,jmaffulli5j@psu.edu,Female,122.143.10.84
201,Lynett,Durrell,ldurrell5k@over-blog.com,Female,189.186.151.57
202,Janessa,Sutherel,jsutherel5l@alibaba.com,Female,197.53.145.19
203,Paola,Jeness,pjeness5m@elpais.com,Female,122.67.73.217
204,Katey,Harrie,kharrie5n@cmu.edu,Female,244.59.209.114
205,Jozef,O'Bruen,jobruen5o@gravatar.com,Male,129.18.61.231
206,Temple,Kosel,tkosel5p@xinhuanet.com,Male,77.200.242.225
207,Dorry,Vaan,dvaan5q@edublogs.org,Female,221.170.16.139
208,Erick,Huckleby,ehuckleby5r@unblog.fr,Male,219.181.96.61
209,Jaimie,Tweedlie,jtweedlie5s@wired.com,Male,19.185.35.205
210,Danyelle,Beeke,dbeeke5t@walmart.com,Agender,127.12.62.39
211,Silvanus,Grinov,sgrinov5u@dot.gov,Male,128.124.186.142
212,Rozele,Stonier,rstonier5v@youtu.be,Female,7.144.225.65
213,Pippo,Pottell,ppottell5w@yelp.com,Male,196.164.69.180
214,Carie,Dionisi,cdionisi5x@wikimedia.org,Female,231.203.61.50
215,Ashlen,Gatch,agatch5y@alibaba.com,Female,0.113.246.174
216,Kirstin,Knotton,kknotton5z@is.gd,Female,91.193.40.44
217,Irina,Hunstone,ihunstone60@bizjournals.com,Female,51.42.32.103
218,Valerye,Brunstan,vbrunstan61@imgur.com,Female,223.182.79.191
219,Tandi,Perrett,tperrett62@about.com,Female,11.182.102.230
220,Sibilla,Rogers,srogers63@geocities.com,Female,87.137.92.96
221,Corry,Gawen,cgawen64@webnode.com,Female,237.150.34.176
222,Cal,Stuckford,cstuckford65@china.com.cn,Male,174.85.14.117
223,Bartolomeo,Brownfield,bbrownfield66@independent.co.uk,Male,7.121.69.117
224,Catriona,Yeoman,cyeoman67@bluehost.com,Female,2.177.103.95
225,Rochette,Pendrigh,rpendrigh68@nba.com,Female,112.241.227.216
226,Monti,Creebo,mcreebo69@sfgate.com,Male,67.189.45.180
227,Salmon,Karpinski,skarpinski6a@shareasale.com,Male,3.121.41.233
228,Fergus,Meese,fmeese6b@oracle.com,Male,239.32.242.166
229,Nil,Colquete,ncolquete6c@kickstarter.com,Male,90.175.41.25
230,Hubie,Swinyard,hswinyard6d@delicious.com,Male,40.171.108.151
231,Ethan,Jersh,ejersh6e@umn.edu,Male,144.229.60.163
232,Gilles,Wasylkiewicz,gwasylkiewicz6f@jiathis.com,Male,125.33.132.124
233,Malia,O'Dea,modea6g@google.cn,Female,31.229.50.89
234,Loria,Kleinhandler,lkleinhandler6h@smugmug.com,Female,17.65.116.149
235,Warner,Fosher,wfosher6i@netlog.com,Male,176.202.229.63
236,Adams,Denial,adenial6j@columbia.edu,Male,57.93.244.103
237,Bord,Wayvill,bwayvill6k@aol.com,Male,56.28.58.171
238,Fredek,Rhymes,frhymes6l@infoseek.co.jp,Male,254.17.32.102
239,Galina,Ellacott,gellacott6m@statcounter.com,Female,12.209.89.179
240,Linet,Annets,lannets6n@jalbum.net,Female,222.200.57.232
241,Cecily,Durdan,cdurdan6o@cbslocal.com,Female,204.84.161.111
242,Gan,Blaskett,gblaskett6p@goodreads.com,Male,14.148.129.37
243,Leelah,Crighten,lcrighten6q@flavors.me,Female,27.249.91.247
244,Moritz,Emmet,memmet6r@de.vu,Male,136.174.224.73
245,Greta,Dobbison,gdobbison6s@nature.com,Female,187.43.160.248
246,Hartwell,Giannasi,hgiannasi6t@51.la,Genderqueer,65.6.65.12
247,Christye,Gomez,cgomez6u@barnesandnoble.com,Female,63.119.80.248
248,Fulvia,Weaben,fweaben6v@wikipedia.org,Female,180.141.129.250
249,Kile,Sodor,ksodor6w@msu.edu,Male,215.80.86.126
250,Johnathan,Purdie,jpurdie6x@1und1.de,Male,3.164.128.52
251,Merle,MacMechan,mmacmechan6y@si.edu,Bigender,84.96.153.110
252,Trixi,Youd,tyoud6z@utexas.edu,Female,212.214.4.161
253,Ephrayim,Klaassens,eklaassens70@gizmodo.com,Male,161.78.125.114
254,Hadley,Barrar,hbarrar71@redcross.org,Male,255.104.81.67
255,Zea,Tardiff,ztardiff72@youku.com,Female,188.135.252.16
256,Sidoney,Paddock,spaddock73@intel.com,Female,13.220.26.200
257,Carver,Lehr,clehr74@illinois.edu,Male,210.246.78.150
258,Sidonnie,Sneezem,ssneezem75@jalbum.net,Female,31.135.245.183
259,Shina,Boundy,sboundy76@taobao.com,Female,11.116.167.183
260,Florella,Mepsted,fmepsted77@google.ru,Female,55.6.216.91
261,Ethelda,Dannett,edannett78@japanpost.jp,Female,186.39.196.254
262,Ammamaria,Minnis,aminnis79@feedburner.com,Female,194.172.103.121
263,Agathe,Anker,aanker7a@ucsd.edu,Female,91.39.167.3
264,Glenine,Grinishin,ggrinishin7b@mashable.com,Female,68.150.161.4
265,Morgun,Dalziel,mdalziel7c@amazon.de,Male,112.94.145.76
266,Marianna,McKeand,mmckeand7d@delicious.com,Female,175.189.184.103
267,Garrott,Warrington,gwarrington7e@dyndns.org,Male,133.112.166.92
268,Alfi,Hagwood,ahagwood7f@oakley.com,Female,162.139.40.103
269,Winn,Yekel,wyekel7g@stanford.edu,Male,193.228.144.97
270,Fran,Pretsel,fpretsel7h@webs.com,Female,185.122.186.220
271,Ruttger,Caisley,rcaisley7i@omniture.com,Male,102.223.136.215
272,Aldwin,Durtnel,adurtnel7j@paginegialle.it,Male,9.214.168.141
273,Portie,Nobles,pnobles7k@imgur.com,Male,155.229.233.30
274,Merralee,Greenside,mgreenside7l@instagram.com,Female,165.13.134.28
275,Kala,Proffer,kproffer7m@wordpress.org,Female,139.49.147.233
276,Kissee,Diffley,kdiffley7n@ameblo.jp,Agender,143.62.211.221
277,Maryellen,Tregonna,mtregonna7o@miitbeian.gov.cn,Female,39.88.70.18
278,Bonny,Landsman,blandsman7p@kickstarter.com,Female,145.237.94.183
279,Cassi,Clegg,cclegg7q@comsenz.com,Female,114.193.162.59
280,Miriam,Copley,mcopley7r@t.co,Female,95.223.214.63
281,Ahmed,Narramor,anarramor7s@weather.com,Male,142.220.99.150
282,Catherine,Road,croad7t@yolasite.com,Female,85.97.254.244
283,Tricia,Huish,thuish7u@google.fr,Female,64.242.82.21
284,Nonie,Quinnelly,nquinnelly7v@vinaora.com,Female,245.235.42.48
285,Dyna,Choldcroft,dcholdcroft7w@youtu.be,Female,74.160.174.255
286,Bekki,Gimeno,bgimeno7x@redcross.org,Female,149.140.187.110
287,Laurie,Challener,lchallener7y@prlog.org,Female,6.27.115.145
288,Karney,Gilhouley,kgilhouley7z@ebay.com,Male,254.68.249.10
289,Leilah,Haversum,lhaversum80@ca.gov,Female,247.88.189.171
290,Haleigh,Worthy,hworthy81@clickbank.net,Polygender,64.58.128.26
291,Hyacinthia,Tiller,htiller82@scribd.com,Female,236.219.239.239
292,Walsh,Spittall,wspittall83@oracle.com,Male,133.90.28.215
293,Tades,Crottagh,tcrottagh84@odnoklassniki.ru,Male,210.167.205.130
294,Lester,Stapele,lstapele85@youku.com,Genderqueer,75.159.185.86
295,Mabel,Sorrell,msorrell86@paginegialle.it,Female,118.13.93.110
296,Stirling,Sweed,ssweed87@walmart.com,Male,235.23.130.203
297,Pall,MacFie,pmacfie88@bigcartel.com,Bigender,205.32.97.17
298,Lissa,Stride,lstride89@vimeo.com,Female,227.34.117.36
299,Miof mela,Schulze,mschulze8a@elpais.com,Female,7.200.113.131
300,Jules,Jubb,jjubb8b@smh.com.au,Male,47.106.56.177
301,Allard,Turpey,aturpey8c@ask.com,Male,219.199.241.71
302,Kristy,Tomaszek,ktomaszek8d@google.fr,Female,81.200.212.92
303,Corbin,Meron,cmeron8e@prweb.com,Male,132.170.113.172
304,Stafford,Goldfinch,sgoldfinch8f@dmoz.org,Male,57.5.213.161
305,Roseanna,Franceschi,rfranceschi8g@jiathis.com,Female,181.140.101.240
306,Starlene,Chatainier,schatainier8h@blog.com,Female,112.123.21.5
307,Sancho,Fenty,sfenty8i@theglobeandmail.com,Male,61.249.88.137
308,Cordell,Garlick,cgarlick8j@trellian.com,Male,250.113.70.181
309,Rafaelia,Huband,rhuband8k@google.co.jp,Female,69.240.244.55
310,Zared,MacNeil,zmacneil8l@bbc.co.uk,Male,18.117.148.112
311,Willow,Frawley,wfrawley8m@stumbleupon.com,Female,204.70.86.226
312,Damiano,Whicher,dwhicher8n@yale.edu,Male,232.122.110.113
313,Antony,Castletine,acastletine8o@istockphoto.com,Male,75.116.63.97
314,Maryanna,Causbey,mcausbey8p@php.net,Female,113.152.180.208
315,Carmon,Tonge,ctonge8q@cnbc.com,Female,133.78.171.64
316,Aubert,Bendixen,abendixen8r@scribd.com,Male,99.234.139.92
317,Umberto,Gittoes,ugittoes8s@moonfruit.com,Genderqueer,246.53.174.107
318,Hallsy,Elcy,helcy8t@nih.gov,Male,195.35.38.139
319,Gallagher,Clute,gclute8u@myspace.com,Male,222.168.232.11
320,Harli,Graffham,hgraffham8v@gov.uk,Female,11.100.227.117
321,Noel,Fronek,nfronek8w@hud.gov,Male,221.80.11.137
322,Darci,Purshouse,dpurshouse8x@lulu.com,Female,174.58.144.13
323,Simone,Taylerson,staylerson8y@salon.com,Male,4.11.167.202
324,Shantee,Stonuary,sstonuary8z@behance.net,Female,73.43.194.199
325,Camille,Micheli,cmicheli90@foxnews.com,Female,196.85.175.242
326,Hanson,Wynrahame,hwynrahame91@goo.ne.jp,Male,44.88.33.52
327,Waylin,Bennett,wbennett92@bbb.org,Male,200.212.193.115
328,Adena,MacCaull,amaccaull93@mit.edu,Female,29.145.151.0
329,Lucina,Mewett,lmewett94@geocities.jp,Female,108.172.164.91
330,Ninon,Sirette,nsirette95@discuz.net,Female,139.44.96.74
331,Felicio,Ragdale,fragdale96@state.tx.us,Male,40.120.9.51
332,Aidan,Jenyns,ajenyns97@zimbio.com,Female,197.171.87.60
333,Francene,Lickorish,flickorish98@bandcamp.com,Female,250.175.186.186
334,Una,McCullouch,umccullouch99@cbsnews.com,Female,59.6.241.189
335,Jud,Junkison,jjunkison9a@ask.com,Male,162.158.4.132
336,Shawn,Forrestill,sforrestill9b@liveinternet.ru,Male,198.236.92.128
337,Frank,Downage,fdownage9c@hatena.ne.jp,Non-binary,8.175.161.124
338,Cleon,Cardon,ccardon9d@va.gov,Genderfluid,8.98.225.142
339,Zandra,Stoffers,zstoffers9e@adobe.com,Female,82.152.173.134
340,Bathsheba,Imm,bimm9f@cpanel.net,Female,48.74.48.148
341,Chucho,Turford,cturford9g@pen.io,Male,53.35.159.8
342,Roselia,Diegan,rdiegan9h@virginia.edu,Female,248.55.131.125
343,Agustin,Rue,arue9i@ucsd.edu,Male,22.158.34.109
344,Jeanette,Jerson,jjerson9j@wufoo.com,Female,182.230.101.248
345,Marge,Copperwaite,mcopperwaite9k@t-online.de,Female,141.87.148.89
346,Preston,Clemendot,pclemendot9l@blogger.com,Male,135.245.76.250
347,Taddeo,Olech,tolech9m@paginegialle.it,Male,195.240.101.213
348,Rebeka,Rosbottom,rrosbottom9n@msn.com,Female,60.17.136.163
349,Beulah,Maybey,bmaybey9o@goodreads.com,Female,99.227.188.12
350,Siana,Buss,sbuss9p@soup.io,Female,199.241.146.208
351,Emmet,Easom,eeasom9q@ed.gov,Non-binary,90.187.14.66
352,Gottfried,Perot,gperot9r@webmd.com,Male,181.122.200.254
353,Reese,Medeway,rmedeway9s@ovh.net,Male,244.117.206.61
354,Rosabella,Terney,rterney9t@economist.com,Female,252.141.192.123
355,Basilius,Gregoli,bgregoli9u@miitbeian.gov.cn,Male,18.46.76.178
356,Cyrillus,Tonepohl,ctonepohl9v@ca.gov,Agender,223.69.171.148
357,Say,Trafford,strafford9w@ocn.ne.jp,Male,236.47.196.192
358,Angy,Pankhurst.,apankhurst9x@google.ru,Female,205.223.0.3
359,Costa,Lill,clill9y@yandex.ru,Male,60.247.211.74
360,Dagny,Marskell,dmarskell9z@dmoz.org,Male,50.242.242.123
361,Domingo,Mosconi,dmosconia0@livejournal.com,Male,42.180.195.123
362,Currey,Essel,cessela1@sakura.ne.jp,Male,160.241.230.97
363,Angel,Seaborn,aseaborna2@miitbeian.gov.cn,Male,207.218.208.26
364,Robert,Dranfield,rdranfielda3@cisco.com,Male,107.104.167.213
365,Alick,Frostdicke,afrostdickea4@angelfire.com,Male,74.203.12.250
366,Adriena,Pennini,apenninia5@state.gov,Female,192.124.35.119
367,Blancha,Odde,boddea6@sphinn.com,Female,2.252.169.57
368,Dominic,Fender,dfendera7@1und1.de,Male,228.80.21.16
369,Evered,Jeduch,ejeducha8@reference.com,Male,36.249.19.76
370,Vance,Morant,vmoranta9@php.net,Male,192.64.215.190
371,Waiter,McGilroy,wmcgilroyaa@unc.edu,Male,52.169.15.185
372,Clarie,Kelberman,ckelbermanab@fotki.com,Female,221.18.6.165
373,Jerrie,Rontree,jrontreeac@mozilla.com,Male,32.104.143.99
374,Cacilia,Badcock,cbadcockad@home.pl,Female,98.133.54.36
375,Elsie,Saterweyte,esaterweyteae@usnews.com,Female,157.246.102.215
376,Lilas,Cardenoza,lcardenozaaf@instagram.com,Female,66.79.249.51
377,Gilberta,Brownell,gbrownellag@apache.org,Female,6.232.129.20
378,Daron,Sutherel,dsutherelah@webs.com,Male,209.63.173.190
379,Brigham,Jopling,bjoplingai@gravatar.com,Male,229.23.87.237
380,Caresse,Doyland,cdoylandaj@lycos.com,Female,156.185.212.15
381,Ely,Colquit,ecolquitak@360.cn,Male,206.207.56.162
382,Thomasine,Risely,triselyal@reverbnation.com,Female,53.88.197.2
383,Marc,Bassindale,mbassindaleam@nba.com,Male,145.195.218.112
384,Gwendolen,Clemintoni,gclemintonian@ebay.co.uk,Female,188.112.164.34
385,Faina,Cutting,fcuttingao@japanpost.jp,Female,109.43.105.26
386,Lazaro,Tyhurst,ltyhurstap@washingtonpost.com,Male,111.67.135.147
387,Grete,Seagar,gseagaraq@nsw.gov.au,Female,200.236.103.115
388,Martyn,MacKimm,mmackimmar@wp.com,Male,16.233.18.5
389,Ruby,Skilton,rskiltonas@phpbb.com,Female,80.174.211.32
390,Denys,Milliken,dmillikenat@vistaprint.com,Male,81.118.173.114
391,Anastasie,Stode,astodeau@yelp.com,Female,254.32.123.152
392,Ofella,Sheeres,osheeresav@ocn.ne.jp,Female,91.253.103.70
393,Mahmud,Dirr,mdirraw@domainmarket.com,Male,91.115.84.1
394,Blakelee,Leaver,bleaverax@weebly.com,Agender,251.7.60.208
395,Karel,Brewer,kbreweray@pinterest.com,Male,115.14.236.233
396,Rhodia,Cracie,rcracieaz@booking.com,Agender,18.102.220.9
397,Millie,Zellner,mzellnerb0@flavors.me,Female,52.52.132.124
398,Austin,Bladge,abladgeb1@mashable.com,Female,6.7.161.5
399,Wanda,O'Reilly,woreillyb2@disqus.com,Female,202.221.142.119
400,Gianni,Spurman,gspurmanb3@sphinn.com,Male,113.172.73.17
401,Betta,Gussie,bgussieb4@github.io,Female,199.48.26.186
402,Lazaro,Cranefield,lcranefieldb5@nyu.edu,Agender,46.108.208.76
403,Ivie,Splaven,isplavenb6@craigslist.org,Female,116.159.144.188
404,Aretha,Handmore,ahandmoreb7@woothemes.com,Polygender,222.55.170.191
405,Clemens,Peterken,cpeterkenb8@dailymail.co.uk,Polygender,200.106.34.229
406,Hollyanne,Whellams,hwhellamsb9@patch.com,Female,165.159.68.196
407,Freeman,De Souza,fdesouzaba@adobe.com,Male,218.24.173.73
408,Livy,Franey,lfraneybb@elpais.com,Female,163.1.100.70
409,Alexis,Sopp,asoppbc@cnn.com,Female,246.253.92.251
410,Dwayne,Winslade,dwinsladebd@nba.com,Male,178.232.129.105
411,Olia,Fielder,ofielderbe@xinhuanet.com,Female,46.91.137.88
412,Redd,Kristoffersen,rkristoffersenbf@joomla.org,Male,206.200.254.197
413,Sanson,Espinazo,sespinazobg@psu.edu,Male,187.70.57.23
414,Corty,Johansen,cjohansenbh@people.com.cn,Male,195.149.132.247
415,Spence,Hansmann,shansmannbi@ustream.tv,Male,1.168.197.188
416,Ciro,Studd,cstuddbj@surveymonkey.com,Genderfluid,63.208.190.169
417,Dallon,Flaunders,dflaundersbk@nsw.gov.au,Male,60.0.136.28
418,Loleta,Ridewood,lridewoodbl@cdc.gov,Female,68.143.129.222
419,Rourke,Goutcher,rgoutcherbm@networksolutions.com,Male,15.103.58.234
420,Ansel,Birdall,abirdallbn@bbb.org,Male,207.18.126.40
421,Marylee,Poore,mpoorebo@exblog.jp,Female,191.146.133.158
422,Hamlin,Janoschek,hjanoschekbp@hugedomains.com,Male,150.6.24.224
423,Lory,Blakesley,lblakesleybq@noaa.gov,Female,100.137.161.137
424,Lacee,Aldwinckle,laldwincklebr@symantec.com,Female,234.7.60.233
425,Hamilton,Di Dello,hdidellobs@nih.gov,Male,173.158.251.107
426,Benito,Buckett,bbuckettbt@prweb.com,Male,195.48.65.20
427,Beth,Raddin,braddinbu@zimbio.com,Female,103.119.230.72
428,Ryann,Petrak,rpetrakbv@tripadvisor.com,Female,143.237.231.44
429,Gun,Faas,gfaasbw@ftc.gov,Male,183.168.253.114
430,Ysabel,Tukely,ytukelybx@mashable.com,Female,180.124.103.3
431,Oswell,Whipple,owhippleby@ustream.tv,Male,231.64.243.44
432,Jordan,Hartzogs,jhartzogsbz@hexun.com,Male,106.36.155.168
433,Harp,Michelin,hmichelinc0@state.tx.us,Male,90.142.3.81
434,Inga,Cubin,icubinc1@freewebs.com,Female,21.30.90.206
435,Flss,Bee,fbeec2@blogspot.com,Female,50.240.137.161
436,Kesley,Gillet,kgilletc3@wiley.com,Female,209.78.147.37
437,Pail,Gendricke,pgendrickec4@shinystat.com,Male,82.121.204.75
438,Husain,Peaker,hpeakerc5@arstechnica.com,Male,248.37.191.22
439,Ula,Dibdin,udibdinc6@forbes.com,Female,254.80.242.129
440,Clarisse,Digle,cdiglec7@ebay.com,Agender,77.114.126.213
441,Charline,Childs,cchildsc8@blogs.com,Female,84.183.133.191
442,Jody,Foxwell,jfoxwellc9@hao123.com,Male,251.45.100.247
443,Tressa,Lapenna,tlapennaca@weather.com,Female,59.91.205.89
444,Raffarty,Rown,rrowncb@reddit.com,Male,216.153.230.254
445,Kristos,Harron,kharroncc@free.fr,Male,188.96.100.206
446,Robbie,Reader,rreadercd@printfriendly.com,Male,250.73.1.190
447,Hayley,Izakov,hizakovce@walmart.com,Female,133.15.245.201
448,Joyann,Harfleet,jharfleetcf@businesswire.com,Female,100.71.45.84
449,Annabel,Warriner,awarrinercg@upenn.edu,Female,17.224.153.33
450,Pippa,Slimmon,pslimmonch@nationalgeographic.com,Female,2.56.167.25
451,Shea,Karoly,skarolyci@uol.com.br,Male,128.217.117.28
452,Rebecka,Thraves,rthravescj@newyorker.com,Female,136.145.97.18
453,Dionysus,Pinnington,dpinningtonck@wired.com,Male,144.93.249.174
454,Alexandre,Chesterton,achestertoncl@hud.gov,Male,199.193.79.71
455,Forster,Burgise,fburgisecm@vinaora.com,Male,69.153.74.189
456,Cchaddie,MacCole,cmaccolecn@de.vu,Male,59.226.83.171
457,Lothario,Cowburn,lcowburnco@4shared.com,Agender,211.244.81.254
458,Dominik,Whitesel,dwhiteselcp@cnet.com,Male,13.121.150.48
459,Tabbie,ffrench Beytagh,tffrenchbeytaghcq@mysql.com,Male,21.132.49.1
460,Dennet,Lumly,dlumlycr@chicagotribune.com,Male,25.52.183.28
461,Pauly,O'Dunniom,podunniomcs@accuweather.com,Male,93.232.143.246
462,Leanora,Carl,lcarlct@yellowbook.com,Female,254.193.78.229
463,Trumann,Nerval,tnervalcu@cdc.gov,Genderfluid,145.153.137.54
464,Mischa,Lindup,mlindupcv@jimdo.com,Male,128.199.136.54
465,Bryon,Naughton,bnaughtoncw@unicef.org,Male,108.217.116.111
466,Basilius,Tyght,btyghtcx@uol.com.br,Male,7.171.52.97
467,Giovanni,Lohden,glohdency@nymag.com,Male,50.78.93.35
468,Gordie,Schnieder,gschniedercz@fc2.com,Male,224.34.245.173
469,Rosemarie,Cutford,rcutfordd0@sciencedirect.com,Female,24.163.27.47
470,Dayna,Corston,dcorstond1@google.co.uk,Non-binary,138.1.230.196
471,Chuck,Megany,cmeganyd2@bluehost.com,Male,36.224.137.145
472,Dur,Jessope,djessoped3@umn.edu,Male,33.64.144.212
473,Dale,Abelwhite,dabelwhited4@unicef.org,Genderfluid,176.163.73.232
474,Elbertina,Adie,eadied5@google.co.uk,Female,39.55.184.190
475,Nevins,Strowther,nstrowtherd6@vistaprint.com,Male,102.246.190.236
476,Ardelia,Redemile,aredemiled7@craigslist.org,Female,167.187.199.22
477,Maria,Foulis,mfoulisd8@loc.gov,Female,174.67.69.126
478,Isobel,Prati,ipratid9@google.fr,Female,202.130.216.115
479,Kincaid,Fenix,kfenixda@yellowbook.com,Male,129.145.126.58
480,Derrick,Hales,dhalesdb@sohu.com,Non-binary,77.8.212.165
481,Guglielmo,Hodgen,ghodgendc@blinklist.com,Bigender,158.253.113.119
482,Tedmund,Walklot,twalklotdd@mapy.cz,Male,248.22.196.67
483,Lothario,Persse,lperssede@google.nl,Male,193.82.243.182
484,Callida,Asbrey,casbreydf@timesonline.co.uk,Polygender,141.109.156.139
485,Morten,Vasiliu,mvasiliudg@de.vu,Male,95.123.90.104
486,Linell,Harraway,lharrawaydh@msu.edu,Female,169.189.200.104
487,Frazer,Pooke,fpookedi@webnode.com,Male,72.126.130.60
488,Parke,Mayes,pmayesdj@eventbrite.com,Male,10.0.21.40
489,Ody,Eveleigh,oeveleighdk@sourceforge.net,Male,22.242.7.75
490,Raffaello,Campey,rcampeydl@europa.eu,Male,241.254.14.92
491,Lesley,Chell,lchelldm@ifeng.com,Male,111.53.214.218
492,Allie,Mackett,amackettdn@example.com,Female,216.37.6.59
493,Niccolo,Enterle,nenterledo@sakura.ne.jp,Male,232.139.140.117
494,Christophorus,Ketchell,cketchelldp@usatoday.com,Male,122.170.230.128
495,Ingaberg,Abramino,iabraminodq@jigsy.com,Female,174.62.18.126
496,Alvy,Corton,acortondr@fda.gov,Male,74.225.155.30
497,Jordan,Grendon,jgrendonds@reddit.com,Female,85.167.169.3
498,Newton,Canellas,ncanellasdt@prnewswire.com,Male,148.46.146.77
499,Ardelis,Burl,aburldu@bloglovin.com,Female,109.134.235.65
500,Gusti,Dilger,gdilgerdv@hostgator.com,Bigender,3.211.77.250
501,Delcina,Tarbet,dtarbetdw@people.com.cn,Female,196.228.147.244
502,Diego,Woodall,dwoodalldx@cyberchimps.com,Polygender,206.216.252.188
503,Isak,Beckinsale,ibeckinsaledy@prnewswire.com,Male,135.231.0.61
504,Bethanne,Laskey,blaskeydz@jalbum.net,Female,153.66.3.67
505,Donna,Tamburo,dtamburoe0@t-online.de,Female,121.164.82.244
506,Elianora,Janouch,ejanouche1@ameblo.jp,Female,165.227.238.230
507,Errol,Farries,efarriese2@spiegel.de,Male,45.73.215.154
508,Elsy,Harfoot,eharfoote3@twitter.com,Female,187.81.128.161
509,Archibald,Beagles,abeaglese4@disqus.com,Male,32.37.42.144
510,Felecia,Milella,fmilellae5@scientificamerican.com,Genderqueer,86.80.203.204
511,Gregoire,Penfold,gpenfolde6@ameblo.jp,Male,141.239.233.107
512,Emmit,Campsall,ecampsalle7@imgur.com,Male,188.119.139.66
513,Philbert,Lumber,plumbere8@goodreads.com,Male,107.58.244.228
514,Morgen,Fedynski,mfedynskie9@fda.gov,Female,38.124.215.179
515,Bryna,Yurmanovev,byurmanovevea@marketwatch.com,Female,50.220.51.98
516,Leon,Waylett,lwayletteb@artisteer.com,Male,132.61.136.89
517,Kacy,Shane,kshaneec@newyorker.com,Agender,17.134.41.13
518,Rogers,Scudders,rscuddersed@census.gov,Male,53.26.12.143
519,Sharron,Bletsor,sbletsoree@51.la,Non-binary,198.113.226.138
520,Marge,Alderman,maldermanef@spotify.com,Genderqueer,127.197.108.210
521,Indira,Pinchen,ipincheneg@amazon.com,Female,77.242.242.2
522,Joshua,Maccrae,jmaccraeeh@technorati.com,Male,145.195.10.238
523,Leela,Bazelle,lbazelleei@eventbrite.com,Female,186.219.202.197
524,Corina,Erangy,cerangyej@surveymonkey.com,Female,255.251.46.41
525,Hildegaard,Richings,hrichingsek@va.gov,Female,219.62.5.143
526,Keven,Tumelty,ktumeltyel@umich.edu,Male,57.40.162.119
527,Jarrett,Dibling,jdiblingem@yahoo.com,Male,222.130.147.138
528,Skell,Guiton,sguitonen@cdbaby.com,Male,224.166.12.210
529,Wally,Rowbotham,wrowbothameo@phpbb.com,Male,130.125.231.66
530,Brandice,Rodrig,brodrigep@java.com,Female,100.191.75.0
531,Lynna,Willoughey,lwillougheyeq@php.net,Female,82.55.33.250
532,Blondy,Huddleston,bhuddlestoner@princeton.edu,Polygender,218.64.221.192
533,Chery,Culkin,cculkines@gravatar.com,Female,45.215.136.172
534,Sayre,Maine,smaineet@forbes.com,Non-binary,49.119.117.232
535,Ernesto,Adamo,eadamoeu@redcross.org,Male,49.2.65.126
536,Renata,Dalton,rdaltonev@google.co.uk,Female,86.97.136.205
537,Agnella,Coley,acoleyew@chronoengine.com,Female,24.210.177.183
538,Miller,Papaminas,mpapaminasex@hatena.ne.jp,Male,83.133.40.246
539,Leigha,Skeldinge,lskeldingeey@w3.org,Female,162.5.253.89
540,Mehetabel,Trood,mtroodez@smh.com.au,Genderqueer,118.71.199.75
541,Harp,Goane,hgoanef0@g.co,Male,26.249.253.94
542,Gage,McCambrois,gmccambroisf1@stumbleupon.com,Male,100.159.175.125
543,Talya,Wainer,twainerf2@shinystat.com,Female,96.32.209.237
544,Godwin,Pisculli,gpiscullif3@washingtonpost.com,Male,0.164.141.171
545,Deonne,Ottosen,dottosenf4@issuu.com,Female,1.177.75.116
546,Esma,Stonnell,estonnellf5@seattletimes.com,Female,162.125.116.209
547,Nikolia,Trippett,ntrippettf6@linkedin.com,Female,223.121.189.43
548,Birdie,Abby,babbyf7@ovh.net,Female,3.105.143.216
549,Marlyn,Sallarie,msallarief8@mapquest.com,Female,140.131.172.117
550,Martelle,Matson,mmatsonf9@gnu.org,Female,30.214.207.158
551,Karmen,Gumbrell,kgumbrellfa@archive.org,Female,172.184.0.202
552,Aldus,Clewlow,aclewlowfb@cbc.ca,Male,4.93.33.254
553,Hirsch,Diggle,hdigglefc@sphinn.com,Male,119.128.184.133
554,Neilla,Kenworth,nkenworthfd@amazonaws.com,Female,236.149.202.254
555,Robyn,Buttrick,rbuttrickfe@wisc.edu,Female,79.93.46.29
556,Bernardina,Land,blandff@loc.gov,Female,200.201.44.223
557,Elbert,Milton,emiltonfg@rakuten.co.jp,Male,2.148.3.19
558,Gunter,Bough,gboughfh@sohu.com,Male,79.130.247.39
559,Decca,Ferrey,dferreyfi@mtv.com,Male,171.160.197.0
560,Edee,Colliber,ecolliberfj@cdbaby.com,Female,253.232.18.85
561,Elisha,Sheach,esheachfk@indiegogo.com,Male,144.34.174.43
562,Erl,Proffitt,eproffittfl@apple.com,Non-binary,42.51.210.12
563,Nola,Hodcroft,nhodcroftfm@patch.com,Female,42.168.111.158
564,Goldie,Sivyour,gsivyourfn@epa.gov,Female,252.255.94.138
565,Hubey,Wilkin,hwilkinfo@cbslocal.com,Male,52.228.37.37
566,Norris,Dowdeswell,ndowdeswellfp@purevolume.com,Male,6.218.55.77
567,Claudio,Doerffer,cdoerfferfq@godaddy.com,Male,18.230.89.181
568,Brook,Khomin,bkhominfr@goodreads.com,Genderqueer,33.142.46.13
569,Nicolai,Mee,nmeefs@amazon.com,Male,128.116.7.248
570,Salmon,Jeannard,sjeannardft@mapy.cz,Male,166.185.54.132
571,Aviva,Tolcher,atolcherfu@jugem.jp,Female,147.159.226.76
572,Reuven,Abell,rabellfv@europa.eu,Male,216.129.220.228
573,Gretal,Scanlin,gscanlinfw@comcast.net,Female,115.187.3.125
574,Clari,Beeres,cbeeresfx@baidu.com,Female,193.13.229.59
575,Pebrook,Duxbarry,pduxbarryfy@shop-pro.jp,Genderqueer,162.150.171.212
576,Selestina,Adney,sadneyfz@engadget.com,Polygender,144.89.56.219
577,Constancia,Ianetti,cianettig0@shinystat.com,Female,135.6.84.250
578,Lynett,Crigin,lcriging1@ebay.com,Female,240.187.198.21
579,Kin,McKitterick,kmckitterickg2@npr.org,Male,74.86.225.104
580,Alberik,Purkis,apurkisg3@csmonitor.com,Male,38.77.40.79
581,Jocelin,Recher,jrecherg4@mozilla.org,Female,218.121.205.242
582,Thalia,Ivashov,tivashovg5@webeden.co.uk,Female,178.225.155.114
583,Howard,Vondra,hvondrag6@berkeley.edu,Male,83.110.175.254
584,Maurita,Ohlsen,mohlseng7@auda.org.au,Bigender,137.85.126.191
585,Ermin,Ommanney,eommanneyg8@illinois.edu,Male,187.168.177.83
586,Eduardo,Torri,etorrig9@ted.com,Male,223.250.32.33
587,Pattie,Risborough,prisboroughga@admin.ch,Male,28.54.186.21
588,Olvan,Canfer,ocanfergb@dell.com,Male,52.178.228.246
589,Reg,Bransgrove,rbransgrovegc@mapquest.com,Male,147.27.218.218
590,Bruce,Ormistone,bormistonegd@ask.com,Male,227.105.15.3
591,Lillian,Ewenson,lewensonge@weibo.com,Polygender,221.27.212.210
592,Orly,Omond,oomondgf@twitter.com,Female,62.50.97.160
593,Hetti,Tollit,htollitgg@macromedia.com,Female,18.214.125.151
594,Nerty,Minet,nminetgh@dyndns.org,Female,147.240.47.76
595,Siusan,Siddaley,ssiddaleygi@chron.com,Female,127.211.211.92
596,Shaun,Fearby,sfearbygj@forbes.com,Female,96.25.120.165
597,Marie,Armand,marmandgk@cloudflare.com,Female,124.45.241.83
598,Meredithe,Skypp,mskyppgl@unicef.org,Agender,107.241.237.11
599,Jon,Hebbard,jhebbardgm@bloomberg.com,Male,119.221.161.114
600,Hussein,Ackers,hackersgn@163.com,Male,229.241.93.117
601,Bartholemy,Halliday,bhallidaygo@github.com,Male,127.246.206.183
602,Nettie,Lambeth,nlambethgp@dot.gov,Agender,49.38.5.231
603,Lorry,Thow,lthowgq@globo.com,Male,80.169.52.179
604,Northrop,La Wille,nlawillegr@patch.com,Male,100.57.202.67
605,Leighton,Wickey,lwickeygs@hugedomains.com,Male,25.18.38.6
606,Joela,Shipperbottom,jshipperbottomgt@imageshack.us,Female,0.13.228.39
607,Corrie,Peto,cpetogu@state.tx.us,Female,171.213.118.64
608,Netty,Wrotchford,nwrotchfordgv@shutterfly.com,Female,194.225.54.153
609,Jessy,Skaif,jskaifgw@about.com,Female,143.84.27.44
610,Indira,Luck,iluckgx@time.com,Female,99.95.84.234
611,Roby,Pignon,rpignongy@hibu.com,Female,65.219.42.173
612,Erminie,Bandiera,ebandieragz@eepurl.com,Female,13.74.115.91
613,Scarlet,Batalle,sbatalleh0@e-recht24.de,Female,180.204.255.83
614,Meredith,Dulson,mdulsonh1@facebook.com,Female,137.27.25.188
615,Tessie,Gioani,tgioanih2@washington.edu,Female,161.77.40.152
616,Prince,Greenroyd,pgreenroydh3@flavors.me,Male,62.126.217.189
617,May,Thormwell,mthormwellh4@chron.com,Female,65.50.148.244
618,Menard,Berardt,mberardth5@typepad.com,Male,63.56.60.49
619,Obadiah,Le Grys,olegrysh6@drupal.org,Genderqueer,151.91.14.5
620,Evelin,Gaitung,egaitungh7@hostgator.com,Male,137.55.62.243
621,Hyacinthe,Romans,hromansh8@icq.com,Female,120.159.120.53
622,Leslie,Nibley,lnibleyh9@diigo.com,Female,137.226.212.201
623,Arley,Prestedge,aprestedgeha@chicagotribune.com,Male,224.124.139.95
624,Trevar,Ruselin,truselinhb@slate.com,Male,225.81.54.79
625,Panchito,Mabbett,pmabbetthc@blogspot.com,Male,141.27.187.189
626,Catie,Firman,cfirmanhd@fastcompany.com,Female,154.113.231.139
627,Rafferty,Crohan,rcrohanhe@ox.ac.uk,Male,180.210.199.231
628,Rey,Mazillius,rmazilliushf@theguardian.com,Agender,166.79.114.75
629,Augustin,Barkley,abarkleyhg@stumbleupon.com,Male,76.192.76.93
630,Mariejeanne,Atkinson,matkinsonhh@tuttocitta.it,Female,237.248.64.111
631,Julietta,Miliffe,jmiliffehi@alibaba.com,Female,237.134.132.99
632,Reggi,Marquiss,rmarquisshj@slashdot.org,Female,132.39.189.40
633,Angil,Lathaye,alathayehk@cafepress.com,Female,53.173.91.65
634,Mahmud,Leber,mleberhl@eepurl.com,Male,153.10.104.16
635,Jean,Satchell,jsatchellhm@craigslist.org,Male,102.32.36.169
636,Louisette,Tuxill,ltuxillhn@unc.edu,Female,7.117.181.156
637,Morgan,Ruperti,mrupertiho@multiply.com,Female,13.105.84.55
638,Annis,Godman,agodmanhp@va.gov,Female,168.22.176.82
639,Darlene,Jerdan,djerdanhq@buzzfeed.com,Female,69.84.189.198
640,Hettie,Mackin,hmackinhr@is.gd,Female,51.87.134.7
641,Goddart,Coe,gcoehs@dmoz.org,Male,187.168.139.195
642,Andreana,Dedden,adeddenht@ox.ac.uk,Female,195.23.101.94
643,Masha,Darnbrough,mdarnbroughhu@free.fr,Female,223.251.107.201
644,Zebulen,Turrell,zturrellhv@over-blog.com,Male,251.122.129.201
645,Gerta,Domm,gdommhw@washingtonpost.com,Female,32.16.194.29
646,Konrad,Sprosson,ksprossonhx@php.net,Male,201.230.20.49
647,Mireielle,Doge,mdogehy@google.com.hk,Female,62.14.94.184
648,Crista,Domleo,cdomleohz@furl.net,Female,81.111.19.125
649,Terrance,Luscombe,tluscombei0@lycos.com,Male,45.174.128.106
650,Matilda,Morais,mmoraisi1@deliciousdays.com,Female,222.135.56.166
651,Dix,MacGibbon,dmacgibboni2@usnews.com,Female,244.251.128.55
652,Archambault,Duffy,aduffyi3@bloglovin.com,Male,130.177.125.10
653,Sydney,Hargroves,shargrovesi4@comsenz.com,Female,117.3.7.80
654,Carrol,Yes,cyesi5@wunderground.com,Male,76.3.177.163
655,Cirilo,Gravener,cgraveneri6@salon.com,Male,163.191.78.24
656,Eward,Mundie,emundiei7@psu.edu,Male,140.252.239.207
657,Locke,Boyford,lboyfordi8@edublogs.org,Male,237.39.175.127
658,Mureil,Covey,mcoveyi9@oracle.com,Genderfluid,69.202.180.101
659,Kailey,Froschauer,kfroschaueria@newsvine.com,Female,48.206.58.24
660,Cristine,Holbie,cholbieib@webnode.com,Female,90.189.178.29
661,Penn,Saben,psabenic@bbc.co.uk,Male,208.80.0.238
662,Scott,Hamstead,shamsteadid@histats.com,Male,7.13.204.104
663,Innis,Scamaden,iscamadenie@infoseek.co.jp,Agender,72.78.241.26
664,Onofredo,Lghan,olghanif@japanpost.jp,Male,82.49.240.194
665,Vilma,Lett,vlettig@upenn.edu,Genderfluid,88.42.103.0
666,Krishna,Ladds,kladdsih@bizjournals.com,Male,101.159.117.108
667,Joseito,Aartsen,jaartsenii@google.com.br,Genderfluid,93.94.94.34
668,Marjie,Digan,mdiganij@adobe.com,Female,133.131.247.185
669,Florella,Fossord,ffossordik@icio.us,Female,244.76.40.3
670,Janifer,Rivers,jriversil@noaa.gov,Female,150.25.95.192
671,Cheri,Eastmead,ceastmeadim@unesco.org,Female,15.195.167.183
672,Paulo,Hirche,phirchein@intel.com,Male,184.204.179.187
673,Valery,Daid,vdaidio@moonfruit.com,Female,0.77.233.28
674,Di,Reddy,dreddyip@ucsd.edu,Female,30.222.129.225
675,Quincy,Abadam,qabadamiq@booking.com,Male,128.6.217.195
676,Ciro,Gallacher,cgallacherir@si.edu,Male,136.154.103.198
677,Donovan,Quennell,dquennellis@github.com,Male,225.157.198.143
678,Euphemia,McQuade,emcquadeit@state.tx.us,Female,70.242.38.71
679,Marion,Lesek,mlesekiu@usa.gov,Female,195.192.129.66
680,Laurie,Reyburn,lreyburniv@patch.com,Male,156.163.180.82
681,Phillie,Saladino,psaladinoiw@youtu.be,Female,26.32.102.135
682,Betsey,Hechlin,bhechlinix@howstuffworks.com,Female,74.219.145.223
683,Dorothea,Leele,dleeleiy@joomla.org,Female,53.71.195.187
684,Abbe,McTerry,amcterryiz@japanpost.jp,Male,160.67.29.86
685,Lina,Tudbald,ltudbaldj0@paypal.com,Female,1.141.35.238
686,Oran,Lecordier,olecordierj1@google.it,Male,138.244.150.95
687,Reuben,Hurdidge,rhurdidgej2@tuttocitta.it,Male,48.192.34.103
688,Madel,Rostern,mrosternj3@cornell.edu,Female,208.134.246.224
689,Antonino,Wyett,awyettj4@twitter.com,Male,62.240.225.58
690,Greta,Mallows,gmallowsj5@mac.com,Female,164.0.47.82
691,Rodrick,Benard,rbenardj6@facebook.com,Male,34.57.224.241
692,Vivie,Leon,vleonj7@ehow.com,Female,215.129.9.221
693,Ab,McGlashan,amcglashanj8@sakura.ne.jp,Male,236.240.200.20
694,Tam,Ineson,tinesonj9@imdb.com,Male,222.28.193.13
695,Rica,Silby,rsilbyja@blogtalkradio.com,Female,237.94.45.173
696,Juliann,Alkins,jalkinsjb@ucoz.com,Female,233.31.111.96
697,Tiffanie,Vaudrey,tvaudreyjc@cyberchimps.com,Female,194.225.124.160
698,Hyacinthe,Pether,hpetherjd@answers.com,Female,212.169.185.41
699,Natividad,Vink,nvinkje@nyu.edu,Female,234.98.53.142
700,Dee dee,Burborough,dburboroughjf@prnewswire.com,Female,84.21.69.249
701,Nicolas,Seefus,nseefusjg@opensource.org,Male,132.46.251.162
702,Jecho,Clemenza,jclemenzajh@mtv.com,Male,52.21.178.43
703,Kimberlyn,Monckton,kmoncktonji@msn.com,Female,192.5.208.222
704,Peyter,Lanaway,planawayjj@1und1.de,Male,147.33.110.24
705,Theresina,Gosselin,tgosselinjk@prweb.com,Female,102.99.102.153
706,Richard,Metson,rmetsonjl@utexas.edu,Male,28.14.165.251
707,Mallory,Reap,mreapjm@free.fr,Female,32.245.96.186
708,Reeba,Yitzhakov,ryitzhakovjn@unesco.org,Female,123.125.252.153
709,Matilda,Tutchell,mtutchelljo@baidu.com,Agender,98.170.207.245
710,Tove,Oxenden,toxendenjp@histats.com,Female,223.22.67.109
711,Cicely,Buckenhill,cbuckenhilljq@cmu.edu,Female,80.81.20.155
712,Betteanne,Topling,btoplingjr@imdb.com,Female,245.72.75.61
713,Heriberto,Moorerud,hmoorerudjs@thetimes.co.uk,Male,250.154.116.244
714,Odette,Huckster,ohucksterjt@chicagotribune.com,Female,231.32.66.45
715,Elsinore,Palfrie,epalfrieju@storify.com,Female,118.36.144.111
716,Katerina,Wincer,kwincerjv@edublogs.org,Female,221.4.48.237
717,Anetta,Enright,aenrightjw@desdev.cn,Female,129.13.162.186
718,Daisie,Maddigan,dmaddiganjx@drupal.org,Female,178.229.231.63
719,Harriot,Butcher,hbutcherjy@cbc.ca,Female,67.99.150.151
720,Jeffry,Blaxley,jblaxleyjz@dot.gov,Male,156.242.54.149
721,Von,Castelow,vcastelowk0@craigslist.org,Male,149.48.168.180
722,Nathanil,Aldridge,naldridgek1@bloomberg.com,Male,201.13.201.173
723,Martino,But,mbutk2@naver.com,Polygender,199.176.216.22
724,Dennie,Volke,dvolkek3@1688.com,Male,28.15.103.207
725,Corby,Swatten,cswattenk4@cnet.com,Male,227.75.219.224
726,Raynell,Janew,rjanewk5@webmd.com,Female,42.100.105.169
727,Adrian,Nanni,anannik6@businessweek.com,Female,76.83.82.200
728,Frank,Giorgio,fgiorgiok7@intel.com,Female,59.153.37.106
729,Andre,Clyburn,aclyburnk8@is.gd,Male,232.135.113.183
730,Ethan,Dudeney,edudeneyk9@shareasale.com,Male,163.8.239.209
731,Vitoria,Shankle,vshankleka@yandex.ru,Female,141.76.0.139
732,Lenore,Schimke,lschimkekb@squidoo.com,Female,150.2.28.38
733,Willy,Paulucci,wpauluccikc@go.com,Female,210.75.80.254
734,Jobina,Renouf,jrenoufkd@digg.com,Female,46.231.147.98
735,Cyndi,Reddlesden,creddlesdenke@cbslocal.com,Female,93.12.196.181
736,Nichol,Fossord,nfossordkf@xrea.com,Female,211.252.32.36
737,Maurise,Chaunce,mchauncekg@github.io,Male,22.186.120.198
738,Pearl,McCosker,pmccoskerkh@people.com.cn,Female,134.146.62.124
739,Darbie,Lequeux,dlequeuxki@lycos.com,Female,244.201.177.161
740,Kaleb,Fallowes,kfalloweskj@apple.com,Male,144.113.132.27
741,Steven,Lowne,slownekk@phoca.cz,Male,83.31.232.40
742,Hermann,Emsden,hemsdenkl@friendfeed.com,Male,32.18.158.244
743,Arnaldo,Andrioni,aandrionikm@sogou.com,Male,156.137.103.80
744,Raleigh,Havesides,rhavesideskn@howstuffworks.com,Male,68.86.85.11
745,Berty,Sinfield,bsinfieldko@theatlantic.com,Male,255.0.82.118
746,Sonja,Poller,spollerkp@vkontakte.ru,Female,172.139.137.109
747,Brietta,Dubois,bduboiskq@meetup.com,Female,41.52.64.209
748,Jennie,Ghidotti,jghidottikr@patch.com,Female,247.161.1.8
749,Jenine,Culcheth,jculchethks@wikipedia.org,Female,3.188.176.116
750,Alicea,Gudger,agudgerkt@yandex.ru,Female,251.95.165.59
751,Rayna,Atthow,ratthowku@harvard.edu,Female,181.247.170.17
752,Rawley,Ashbe,rashbekv@unesco.org,Male,118.240.102.231
753,Rey,Bread,rbreadkw@reuters.com,Male,143.83.68.1
754,Stevy,Feeny,sfeenykx@skype.com,Male,240.88.239.249
755,Madella,Jurewicz,mjurewiczky@surveymonkey.com,Female,196.48.239.221
756,Eldridge,Etuck,eetuckkz@indiegogo.com,Genderfluid,250.186.48.229
757,Wolfie,Loker,wlokerl0@over-blog.com,Male,86.249.176.201
758,Alvira,Leroux,alerouxl1@guardian.co.uk,Female,223.143.83.83
759,Elaina,Marfell,emarfelll2@slate.com,Female,163.177.23.194
760,Danika,Prandi,dprandil3@pcworld.com,Female,201.170.130.151
761,Talya,Stoggles,tstogglesl4@vk.com,Female,73.235.24.15
762,Jacinda,Maykin,jmaykinl5@digg.com,Female,231.252.127.92
763,Lindy,Atherley,latherleyl6@privacy.gov.au,Male,35.6.204.214
764,Somerset,Prisk,spriskl7@odnoklassniki.ru,Male,225.25.42.158
765,Ashla,Haighton,ahaightonl8@omniture.com,Female,28.143.139.140
766,Coral,Chaperling,cchaperlingl9@woothemes.com,Female,94.52.118.71
767,Hort,Benedito,hbeneditola@opera.com,Male,117.139.245.184
768,Valentin,Mallia,vmallialb@xrea.com,Male,126.175.22.63
769,Bailie,Kingswood,bkingswoodlc@hud.gov,Male,17.16.4.174
770,Addie,Sinclaire,asinclaireld@nbcnews.com,Female,34.17.70.82
771,Zacharias,Finnimore,zfinnimorele@4shared.com,Male,127.194.180.94
772,Arabel,Gozard,agozardlf@mayoclinic.com,Female,4.26.151.230
773,Mortimer,Pynner,mpynnerlg@eepurl.com,Male,182.188.64.216
774,Marleen,Stannus,mstannuslh@trellian.com,Agender,134.248.228.98
775,Gay,MacKissack,gmackissackli@blinklist.com,Female,216.97.28.203
776,Redford,Tackley,rtackleylj@github.com,Male,125.198.168.2
777,Eugenio,Winsborrow,ewinsborrowlk@ning.com,Male,123.91.235.118
778,Tobe,Curtis,tcurtisll@woothemes.com,Male,3.190.129.157
779,Verena,Giraths,vgirathslm@prweb.com,Female,102.113.191.84
780,Dulcea,Lindley,dlindleyln@nhs.uk,Female,95.138.235.152
781,Ruperta,Hanes,rhaneslo@globo.com,Female,78.174.249.49
782,Amelita,Moryson,amorysonlp@telegraph.co.uk,Female,55.155.219.254
783,Noam,Hammel,nhammellq@usa.gov,Male,62.25.45.206
784,Dion,Dytham,ddythamlr@state.gov,Female,146.69.181.166
785,Isaak,Gwatkins,igwatkinsls@chicagotribune.com,Male,165.212.255.114
786,Ethelind,Birtley,ebirtleylt@shutterfly.com,Female,47.199.66.98
787,Ives,Kersting,ikerstinglu@ow.ly,Male,148.79.17.12
788,Arabella,Francesch,afranceschlv@diigo.com,Non-binary,224.72.231.85
789,Marna,Oldknowe,moldknowelw@goo.ne.jp,Female,0.93.217.193
790,Cathi,Gudeman,cgudemanlx@sakura.ne.jp,Female,165.240.154.211
791,Seumas,Leffek,sleffekly@ifeng.com,Male,201.101.184.196
792,Ondrea,Golley,ogolleylz@accuweather.com,Female,61.132.129.190
793,Milt,Skaif,mskaifm0@nydailynews.com,Male,17.53.48.84
794,Nonie,Ambler,namblerm1@pcworld.com,Female,254.18.208.169
795,Maggi,Benfield,mbenfieldm2@icio.us,Female,221.247.222.203
796,Neron,Papez,npapezm3@pbs.org,Male,222.167.21.246
797,Gunilla,Trass,gtrassm4@cdbaby.com,Polygender,58.200.179.231
798,Eddie,Conduit,econduitm5@sfgate.com,Male,181.176.69.136
799,Barnett,Gasking,bgaskingm6@hc360.com,Male,76.19.210.114
800,Ajay,Fisby,afisbym7@desdev.cn,Female,62.20.123.236
801,Maris,Golley,mgolleym8@java.com,Female,168.49.222.102
802,Greg,Harman,gharmanm9@seesaa.net,Male,186.161.163.252
803,Cindi,Ramlot,cramlotma@aol.com,Female,54.186.132.131
804,Ephraim,Court,ecourtmb@yale.edu,Genderfluid,87.222.212.59
805,Guthrie,Hamflett,ghamflettmc@myspace.com,Male,58.69.12.223
806,Cara,Petegrew,cpetegrewmd@slideshare.net,Polygender,237.37.71.189
807,Ephraim,Craddy,ecraddyme@webeden.co.uk,Male,202.0.68.37
808,Danika,Duigan,dduiganmf@answers.com,Female,217.212.91.85
809,Anton,Murrthum,amurrthummg@intel.com,Male,130.222.227.86
810,Elroy,Manley,emanleymh@ebay.co.uk,Male,195.119.103.169
811,Jedidiah,Stanborough,jstanboroughmi@webs.com,Male,182.213.33.36
812,Carmita,Cogin,ccoginmj@xinhuanet.com,Female,243.191.39.205
813,Mame,Gill,mgillmk@samsung.com,Female,113.152.16.146
814,Iseabal,Simoens,isimoensml@cbslocal.com,Female,29.85.245.85
815,Rurik,Husher,rhushermm@scientificamerican.com,Male,176.106.112.25
816,Hatty,Shevels,hshevelsmn@ox.ac.uk,Female,133.9.36.102
817,Kristal,Kubat,kkubatmo@alibaba.com,Female,60.193.21.7
818,Travis,Bonnaire,tbonnairemp@eepurl.com,Male,35.114.210.205
819,Eugen,Ricks,ericksmq@blinklist.com,Male,203.225.7.213
820,Gwendolen,Camell,gcamellmr@hugedomains.com,Female,255.220.186.80
821,Loise,Ezzle,lezzlems@npr.org,Female,144.165.21.217
822,Carlee,McGeouch,cmcgeouchmt@comcast.net,Female,123.14.180.253
823,Wade,Prozescky,wprozesckymu@ihg.com,Male,36.228.135.138
824,Layney,Natt,lnattmv@github.com,Female,231.22.20.54
825,Rosabel,Crinson,rcrinsonmw@technorati.com,Female,192.101.74.56
826,Lenka,Reckless,lrecklessmx@boston.com,Female,17.218.12.158
827,Selinda,Figger,sfiggermy@jugem.jp,Female,172.223.110.249
828,Hollis,Robyns,hrobynsmz@seattletimes.com,Male,161.24.9.103
829,Perren,O'Cahill,pocahilln0@mapquest.com,Male,64.73.193.49
830,Hana,Nursey,hnurseyn1@theatlantic.com,Female,47.119.138.91
831,Avie,Lobb,alobbn2@newyorker.com,Female,232.28.34.205
832,Pearl,Beningfield,pbeningfieldn3@lycos.com,Female,227.154.106.205
833,Keir,Barnsdall,kbarnsdalln4@sbwire.com,Male,196.122.108.187
834,Rodrique,Rockell,rrockelln5@latimes.com,Male,230.252.209.123
835,Rudd,Sebley,rsebleyn6@ask.com,Male,106.11.206.163
836,Danie,Pady,dpadyn7@instagram.com,Male,14.81.55.213
837,Cleve,Pendock,cpendockn8@skyrock.com,Male,41.2.74.214
838,Anthony,Signori,asignorin9@paginegialle.it,Male,75.92.206.220
839,Sarena,Lean,sleanna@pen.io,Bigender,207.75.12.126
840,Carroll,Burnhard,cburnhardnb@dedecms.com,Male,175.168.177.126
841,Jobie,Aspling,jasplingnc@accuweather.com,Female,122.66.38.171
842,Rochell,Martindale,rmartindalend@wired.com,Female,185.31.18.200
843,Nicolina,Capner,ncapnerne@fc2.com,Female,82.178.140.35
844,Gerrie,Forlong,gforlongnf@edublogs.org,Female,12.76.250.121
845,Katerina,Clementel,kclementelng@washingtonpost.com,Female,21.108.253.166
846,Dianemarie,Bourdon,dbourdonnh@google.ru,Female,11.168.195.147
847,Tudor,Peetermann,tpeetermannni@msu.edu,Male,185.137.224.141
848,Rosalynd,Vivers,rviversnj@ask.com,Female,46.51.116.111
849,Tuckie,Cookman,tcookmannk@ycombinator.com,Male,52.103.60.221
850,Jasun,Learie,jlearienl@amazonaws.com,Male,29.44.173.246
851,Ferdy,Gerrill,fgerrillnm@booking.com,Genderfluid,81.25.35.115
852,Debbie,Worman,dwormannn@alibaba.com,Genderfluid,208.198.80.23
853,Roma,Ellicock,rellicockno@bloglines.com,Agender,161.57.88.70
854,Grete,MacLice,gmaclicenp@wisc.edu,Female,12.66.20.231
855,Stillman,Rickard,srickardnq@geocities.jp,Male,167.145.155.138
856,Pancho,Burchell,pburchellnr@naver.com,Male,78.117.243.132
857,Sawyere,Pickhaver,spickhaverns@yahoo.co.jp,Male,5.167.105.193
858,Wally,Farnsworth,wfarnsworthnt@tuttocitta.it,Male,129.109.146.233
859,Gisella,Oen,goennu@boston.com,Female,167.241.169.34
860,Alberto,Vousden,avousdennv@goodreads.com,Male,31.231.102.106
861,Tammi,Brunstan,tbrunstannw@wp.com,Female,236.120.54.123
862,Erena,German,egermannx@about.me,Female,28.76.4.246
863,Wandie,Micklem,wmicklemny@miitbeian.gov.cn,Female,85.215.195.47
864,Park,Bardwall,pbardwallnz@nifty.com,Male,93.224.114.214
865,Gawen,Hansard,ghansardo0@umn.edu,Male,208.49.78.32
866,Hilly,Mechi,hmechio1@a8.net,Male,51.8.131.125
867,Artair,Cersey,acerseyo2@shareasale.com,Male,5.252.142.91
868,Nonah,Chansonne,nchansonneo3@prweb.com,Female,37.53.206.90
869,Myrvyn,Verring,mverringo4@economist.com,Male,140.113.93.218
870,Nealson,Valintine,nvalintineo5@yahoo.com,Male,4.14.165.226
871,Mamie,Clissold,mclissoldo6@wordpress.org,Female,134.228.215.24
872,Basile,Donati,bdonatio7@npr.org,Male,7.18.212.157
873,Judie,Croad,jcroado8@ted.com,Female,132.127.27.55
874,Gran,Esland,geslando9@huffingtonpost.com,Male,165.243.176.90
875,Tracy,Syddon,tsyddonoa@usgs.gov,Non-binary,49.14.152.196
876,Mirabel,Lound,mloundob@usatoday.com,Female,12.243.182.200
877,Shelton,Throssell,sthrosselloc@eepurl.com,Male,75.218.123.232
878,Fabio,Gwilym,fgwilymod@bandcamp.com,Male,223.228.219.185
879,Camellia,Clift,ccliftoe@seattletimes.com,Female,119.13.239.143
880,Sherlocke,Bleyman,sbleymanof@dion.ne.jp,Male,153.127.58.154
881,Geralda,Eymor,geymorog@dagondesign.com,Bigender,79.79.254.251
882,Jania,Klicher,jklicheroh@deviantart.com,Female,11.34.118.157
883,Mollie,Dicte,mdicteoi@google.pl,Female,167.143.139.191
884,Culley,Downse,cdownseoj@microsoft.com,Male,58.32.146.174
885,Celesta,Lindenberg,clindenbergok@mtv.com,Female,243.236.186.78
886,Venita,Hamber,vhamberol@nba.com,Female,65.205.239.101
887,Guthrie,Branton,gbrantonom@latimes.com,Male,213.140.91.208
888,Gardie,Gaukrodge,ggaukrodgeon@mozilla.com,Male,66.9.173.137
889,Lea,Kemetz,lkemetzoo@dion.ne.jp,Female,246.40.156.63
890,Evangeline,Piggrem,epiggremop@homestead.com,Female,165.202.201.83
891,Mano,Curley,mcurleyoq@yelp.com,Male,54.130.106.93
892,Astrix,Ockenden,aockendenor@blogtalkradio.com,Bigender,64.167.119.13
893,Cayla,Perello,cperelloos@mac.com,Female,151.102.77.25
894,Ernestine,Taffurelli,etaffurelliot@miitbeian.gov.cn,Female,94.74.81.210
895,Huntlee,Kolinsky,hkolinskyou@youtu.be,Male,26.77.28.210
896,Starlene,Bertl,sbertlov@hud.gov,Female,171.18.235.53
897,Nicko,Croci,ncrociow@webs.com,Male,51.201.175.162
898,Riobard,Raveau,rraveauox@bluehost.com,Male,184.26.230.15
899,Bartlett,Crowson,bcrowsonoy@blogtalkradio.com,Male,160.126.183.99
900,Leyla,Griffiths,lgriffithsoz@tripadvisor.com,Female,42.87.30.35
901,Rutger,Mattack,rmattackp0@dell.com,Male,163.14.184.30
902,Greer,Peller,gpellerp1@merriam-webster.com,Female,242.172.11.31
903,Frances,Puttrell,fputtrellp2@livejournal.com,Female,36.140.151.151
904,Mellie,Phinn,mphinnp3@amazon.de,Female,150.167.90.245
905,Brendon,Munkley,bmunkleyp4@reuters.com,Male,57.18.100.180
906,Korry,Ferschke,kferschkep5@nytimes.com,Female,124.6.30.105
907,Helli,Gridon,hgridonp6@examiner.com,Female,151.85.62.88
908,Nancy,Bandy,nbandyp7@state.tx.us,Female,31.216.229.33
909,Torie,Gibbens,tgibbensp8@reuters.com,Genderfluid,92.220.101.75
910,Gabie,Peete,gpeetep9@bizjournals.com,Male,9.208.165.173
911,Obadiah,Normabell,onormabellpa@instagram.com,Male,78.255.126.131
912,Kendal,Brannon,kbrannonpb@alexa.com,Male,205.241.208.239
913,Melinde,Parkhouse,mparkhousepc@yellowbook.com,Female,249.231.89.93
914,Rudy,Kegan,rkeganpd@etsy.com,Male,54.11.226.3
915,Giusto,Stanning,gstanningpe@time.com,Male,125.243.104.4
916,Bella,Sheryn,bsherynpf@163.com,Female,39.173.85.242
917,Francklyn,Ouldred,fouldredpg@sciencedaily.com,Male,119.36.151.254
918,Broddie,Mecozzi,bmecozziph@state.gov,Male,200.184.142.51
919,Vanni,Deignan,vdeignanpi@freewebs.com,Female,49.240.202.101
920,Mavis,Sallter,msallterpj@comsenz.com,Female,229.72.126.98
921,Dud,Piddlehinton,dpiddlehintonpk@wufoo.com,Genderfluid,31.44.73.113
922,Delmor,Huttley,dhuttleypl@forbes.com,Male,138.157.12.251
923,Julie,Dumingos,jdumingospm@wufoo.com,Male,11.125.219.128
924,Petunia,Spight,pspightpn@businessinsider.com,Female,19.209.92.142
925,Lucas,Efford,leffordpo@prnewswire.com,Male,76.35.14.246
926,Dorey,Beslier,dbeslierpp@sciencedaily.com,Female,72.32.34.236
927,Leoline,Gozard,lgozardpq@princeton.edu,Female,40.153.165.51
928,Rhys,Sellar,rsellarpr@163.com,Male,70.158.105.12
929,Poppy,Gedge,pgedgeps@blogs.com,Female,173.156.164.139
930,Jillane,Bernette,jbernettept@google.it,Female,115.150.216.27
931,Farly,Yandle,fyandlepu@weibo.com,Male,95.40.185.15
932,Cleve,Senechell,csenechellpv@51.la,Male,72.234.225.120
933,Marianne,McMarquis,mmcmarquispw@businesswire.com,Female,88.190.175.217
934,Wilmar,Peinton,wpeintonpx@myspace.com,Male,27.213.154.24
935,Cecile,Broomhead,cbroomheadpy@unblog.fr,Female,103.49.34.166
936,Thaxter,Dibling,tdiblingpz@vk.com,Male,59.211.59.205
937,Wheeler,Bachelar,wbachelarq0@facebook.com,Male,211.68.48.69
938,Antone,Suggitt,asuggittq1@devhub.com,Male,82.170.93.227
939,Jaquelyn,Isac,jisacq2@cisco.com,Female,254.237.175.154
940,Corabel,Gordon,cgordonq3@imdb.com,Female,2.53.155.127
941,Reine,Dunnaway,rdunnawayq4@nationalgeographic.com,Agender,65.178.141.50
942,Zeke,Spratley,zspratleyq5@nih.gov,Male,232.94.66.9
943,Mohandis,Rendell,mrendellq6@drupal.org,Male,95.102.237.25
944,Ignazio,Studdard,istuddardq7@squarespace.com,Male,71.86.0.160
945,Wally,Defew,wdefewq8@indiegogo.com,Female,231.200.40.124
946,Bellina,Boffin,bboffinq9@cnbc.com,Female,13.87.137.150
947,Noll,Creer,ncreerqa@theatlantic.com,Male,201.28.189.15
948,Cully,Churchouse,cchurchouseqb@goo.gl,Male,209.48.190.32
949,Tabor,Bausor,tbausorqc@example.com,Male,49.141.245.201
950,Egon,Sebire,esebireqd@epa.gov,Male,147.7.219.36
951,Berke,Thurby,bthurbyqe@51.la,Male,88.48.136.38
952,Jordanna,Harcarse,jharcarseqf@home.pl,Female,109.51.102.85
953,Ariana,Rentz,arentzqg@github.io,Female,103.69.9.147
954,Raleigh,Basili,rbasiliqh@chron.com,Male,195.253.234.187
955,Mia,Grove,mgroveqi@wordpress.org,Polygender,185.127.200.114
956,Wilone,Longland,wlonglandqj@kickstarter.com,Female,16.122.130.159
957,Sile,Millea,smilleaqk@dedecms.com,Female,205.116.71.171
958,Joyce,Critcher,jcritcherql@wiley.com,Female,194.60.194.38
959,Winthrop,Garralts,wgarraltsqm@ted.com,Male,239.129.62.115
960,Christen,Jenney,cjenneyqn@telegraph.co.uk,Genderqueer,91.41.171.146
961,Iggie,McAuslan,imcauslanqo@ebay.com,Male,139.147.204.54
962,Cristionna,Batrip,cbatripqp@house.gov,Female,47.15.177.81
963,Kalina,Feavers,kfeaversqq@naver.com,Female,94.233.176.105
964,Lamond,Richford,lrichfordqr@ow.ly,Male,7.244.154.28
965,Ali,Gabbotts,agabbottsqs@jigsy.com,Female,48.60.117.5
966,Tanny,Orteu,torteuqt@ow.ly,Male,187.164.213.232
967,Killie,Stivani,kstivaniqu@scribd.com,Agender,226.235.147.118
968,Lorin,Parkman,lparkmanqv@delicious.com,Male,177.30.154.188
969,Kira,McCambridge,kmccambridgeqw@nytimes.com,Female,71.116.64.20
970,Byrle,Goodlet,bgoodletqx@meetup.com,Genderqueer,55.77.242.181
971,Sammy,Brannan,sbrannanqy@istockphoto.com,Female,242.142.149.216
972,Joelynn,Cronchey,jcroncheyqz@sohu.com,Female,178.134.7.99
973,Elroy,Ruddock,eruddockr0@oaic.gov.au,Male,242.37.79.116
974,Curcio,Swadling,cswadlingr1@themeforest.net,Male,162.162.114.118
975,Nathanael,Sneezem,nsneezemr2@canalblog.com,Male,153.105.133.66
976,Cristian,Jochens,cjochensr3@blinklist.com,Male,77.95.238.195
977,Barnabas,Reeken,breekenr4@biglobe.ne.jp,Male,155.13.108.58
978,Isaiah,Pennoni,ipennonir5@friendfeed.com,Male,118.177.76.127
979,Sidonnie,Loynes,sloynesr6@nationalgeographic.com,Female,249.110.175.110
980,Myrtia,Izhaky,mizhakyr7@altervista.org,Female,155.160.247.88
981,Haily,Landreth,hlandrethr8@e-recht24.de,Female,60.239.252.25
982,Victoir,Bedboro,vbedboror9@toplist.cz,Male,235.1.129.119
983,Lauri,Fenge,lfengera@patch.com,Female,61.166.247.253
984,Jourdain,Phillott,jphillottrb@t.co,Male,96.11.173.30
985,Davey,Giannoni,dgiannonirc@dedecms.com,Male,83.40.94.62
986,Keene,Fibbitts,kfibbittsrd@blogtalkradio.com,Male,161.240.143.254
987,Leeland,Sanpher,lsanpherre@cnn.com,Male,130.33.55.67
988,Lola,Barnicott,lbarnicottrf@fastcompany.com,Female,45.5.120.16
989,Dalila,Blowick,dblowickrg@google.co.uk,Female,57.19.236.83
990,Natalina,Matusiak,nmatusiakrh@ftc.gov,Female,31.86.192.133
991,Salim,Ulyat,sulyatri@usatoday.com,Non-binary,62.214.54.176
992,Melicent,Richemont,mrichemontrj@wiley.com,Female,172.218.100.136
993,Perla,Klemencic,pklemencicrk@jigsy.com,Female,160.66.19.78
994,Erick,Swigger,eswiggerrl@msu.edu,Male,15.152.243.254
995,Sarah,Egdal,segdalrm@usgs.gov,Agender,137.182.197.90
996,Kennith,Craw,kcrawrn@mtv.com,Male,211.171.10.180
997,Cly,MacDiarmid,cmacdiarmidro@nytimes.com,Male,5.222.108.200
998,Basilio,Mustoe,bmustoerp@who.int,Male,215.237.52.60
999,Tull,Stannus,tstannusrq@abc.net.au,Male,14.67.105.24
1000,Gregorio,Tummond,gtummondrr@independent.co.uk,Male,66.25.195.16
